{
  "ExploitName": "Synapse P",
  "ShowVersion": true,
  "Editor Themes": [],
  "SynapseZ": {
    "BackColor": "51, 51, 51, 255",
    "BackgroundImageUrl": "",
    "TopBar": {
      "BackColor": "61, 61, 61, 255"
    },
    "synlabel": {
      "ForeColor": "255, 255, 255"
    },
    "Panel": {
      "BackColor": "61, 61, 61, 255"
    },
    "Button": {
      "BackColor": "61, 61, 61, 255",
      "HoverColor": "44, 62, 78, 255",
      "ClickColor": "54, 72, 88, 255",
      "ForeColor": "255, 255, 255"
    },
    "ListBox": {
      "BackColor": "61, 61, 61, 255",
      "ForeColor": "255, 255, 255"
    },
    "TabControl": {
      "BackColor": "61, 61, 61, 255",
      "ForeColor": "255, 255, 255"
    },
    "Label": {
      "ForeColor": "255, 255, 255"
    },
    "Logo": {
      "BackgroundImageUrl": ""
    }
  },
  "AccountKeyPrompt": {
    "BackColor": "51, 51, 51, 255",
    "BackgroundImageUrl": "",
    "TopBar": {
      "BackColor": "61, 61, 61, 255"
    },
    "synlabel": {
      "ForeColor": "255, 255, 255"
    },
    "Panel": {
      "BackColor": "61, 61, 61, 255"
    },
    "Button": {
      "BackColor": "61, 61, 61, 255",
      "HoverColor": "44, 62, 78, 255",
      "ClickColor": "54, 72, 88, 255",
      "ForeColor": "255, 255, 255"
    },
    "TextBox": {
      "BackColor": "61, 61, 61, 255",
      "ForeColor": "255, 255, 255"
    },
    "Label": {
      "ForeColor": "255, 255, 255"
    },
    "Logo": {
      "BackgroundImageUrl": ""
    }
  },
  "ScriptHub": {
    "BackColor": "51, 51, 51, 255",
    "BackgroundImageUrl": "",
    "TopBar": {
      "BackColor": "61, 61, 61, 255"
    },
    "synlabel": {
      "ForeColor": "255, 255, 255"
    },
    "Panel": {
      "BackColor": "61, 61, 61, 255"
    },
    "Button": {
      "BackColor": "61, 61, 61, 255",
      "HoverColor": "44, 62, 78, 255",
      "ClickColor": "54, 72, 88, 255",
      "ForeColor": "255, 255, 255"
    },
    "ListBox": {
      "BackColor": "30, 30, 30, 255",
      "ForeColor": "255, 255, 255"
    },
    "Label": {
      "ForeColor": "255, 255, 255"
    },
    "RichTextBox": {
      "BackColor": "30, 30, 30, 255",
      "ForeColor": "255, 255, 255"
    },
    "Logo": {
      "BackgroundImageUrl": ""
    }
  },
  "Options": {
    "BackColor": "51, 51, 51, 255",
    "BackgroundImageUrl": "",
    "TopBar": {
      "BackColor": "61, 61, 61, 255"
    },
    "synlabel": {
      "ForeColor": "255, 255, 255"
    },
    "Panel": {
      "BackColor": "30, 30, 30, 255"
    },
    "mainPanel": {
      "BackColor": "30, 30, 30, 255"
    },
    "Button": {
      "BackColor": "61, 61, 61, 255",
      "HoverColor": "44, 62, 78, 255",
      "ClickColor": "54, 72, 88, 255",
      "ForeColor": "255, 255, 255"
    },
    "CheckBox": {
      "ForeColor": "255, 255, 255"
    },
    "ComboBox": {
      "BackColor": "61, 61, 61, 255",
      "ForeColor": "255, 255, 255"
    },
    "Label": {
      "ForeColor": "255, 255, 255"
    },
    "Logo": {
      "BackgroundImageUrl": ""
    }
  },
  "ClientManager": {
    "BackColor": "51, 51, 51, 255",
    "BackgroundImageUrl": "",
    "TopBar": {
      "BackColor": "61, 61, 61, 255"
    },
    "synlabel": {
      "ForeColor": "255, 255, 255"
    },
    "Panel": {
      "BackColor": "51, 51, 51, 255"
    },
    "mainPanel": {
      "BackColor": "30, 30, 30, 255"
    },
    "CheckBox": {
      "ForeColor": "255, 255, 255"
    },
    "Button": {
      "BackColor": "61, 61, 61, 255",
      "HoverColor": "44, 62, 78, 255",
      "ClickColor": "54, 72, 88, 255",
      "ForeColor": "255, 255, 255"
    },
    "Label": {
      "ForeColor": "255, 255, 255"
    },
    "RichTextBox": {
      "BackColor": "30, 30, 30, 255",
      "ForeColor": "255, 255, 255"
    },
    "Logo": {
      "BackgroundImageUrl": ""
    }
  }
}